{
  "submissionId": "SUB-ZENITH-0001",
  "extracted": {
    "insuredName": {
      "value": "Zenith Solutions LLC",
      "confidence": 0.99,
      "source": "acord_sample_zenith.json"
    },
    "effectiveDate": {
      "value": "2026-02-01",
      "confidence": 0.99,
      "source": "acord_sample_zenith.json"
    },
    "limitsRequested": {
      "value": 2000000,
      "confidence": 0.98,
      "source": "acord_sample_zenith.json"
    },
    "EDR": {
      "value": "yes",
      "confidence": 0.98,
      "source": "controls_questionnaire_zenith.json"
    },
    "MFA": {
      "value": "yes (company-wide)",
      "confidence": 0.99,
      "source": "controls_questionnaire_zenith.json"
    },
    "SOC2": {
      "value": "attached",
      "confidence": 0.98,
      "source": "controls_questionnaire_zenith.json"
    }
  }
}