{
  "submissionId": "SUB-ACME-0001",
  "extracted": {
    "insuredName": {
      "value": "ACME Medical Inc",
      "confidence": 0.98,
      "source": "acord_sample_acme.json"
    },
    "effectiveDate": {
      "value": "2026-01-01",
      "confidence": 0.95,
      "source": "acord_sample_acme.json"
    },
    "limitsRequested": {
      "value": 1000000,
      "confidence": 0.92,
      "source": "acord_sample_acme.json"
    },
    "EDR": {
      "value": "no",
      "confidence": 0.45,
      "source": "controls_questionnaire_acme.json"
    },
    "MFA": {
      "value": "yes (email)",
      "confidence": 0.75,
      "source": "controls_questionnaire_acme.json"
    },
    "SOC2": {
      "value": "not_provided",
      "confidence": 0.6,
      "source": "controls_questionnaire_acme.json"
    }
  }
}