{
  "products": [
    {
      "code": "CY-CORE",
      "name": "Cyber Liability - Core",
      "covers": [
        "NetworkSecurity",
        "PrivacyLiability"
      ],
      "default_limits": [
        1000000,
        2000000
      ]
    },
    {
      "code": "CY-RANSOM",
      "name": "Ransomware & Extortion",
      "covers": [
        "ExtortionPayments",
        "NegotiationCosts"
      ],
      "default_limits": [
        500000
      ]
    },
    {
      "code": "CY-BI",
      "name": "Cyber Business Interruption",
      "covers": [
        "SystemsRestore",
        "LossOfIncome"
      ],
      "default_limits": [
        1000000
      ]
    }
  ]
}