[
  {
    "id": "R1",
    "if": {
      "industry_sic": "6211"
    },
    "then": {
      "required_coverage": "CY-CORE",
      "notes": "Healthcare sector requires HIPAA-related review"
    }
  },
  {
    "id": "R2",
    "if": {
      "controls.EDR": "no"
    },
    "then": {
      "action": "require EDR proof or apply surcharge (25%)",
      "confidence": 0.9
    }
  },
  {
    "id": "R3",
    "if": {
      "evidence.open_ports": "RDP"
    },
    "then": {
      "action": "create_RFI: 'Mitigate open RDP or provide compensating controls'",
      "confidence": 0.85
    }
  }
]