{
  "product": "Commercial Cyber v2.1",
  "rules": [
    {
      "id": "G-EDR-REQ",
      "description": "For Healthcare sector (SIC 6211), EDR is required. If not present, decline or require 25% surcharge with documented compensating controls.",
      "conditions": {
        "sic": "6211"
      },
      "action_if_fail": {
        "type": "require_evidence_or_surcharge",
        "surcharge_pct": 25,
        "requirement": "EDR proof or full third-party audit"
      }
    },
    {
      "id": "G-MFA",
      "description": "Multi-factor authentication (MFA) required for administrative access. If MFA missing, require remediation plan within 30 days.",
      "conditions": {
        "controls.MFA": "no"
      },
      "action_if_fail": {
        "type": "require_remediation_plan",
        "deadline_days": 30
      }
    },
    {
      "id": "G-OPEN-RDP",
      "description": "Internet-exposed RDP increases risk; if RDP open, require RFI and do not bind until mitigated, or apply 30% surcharge.",
      "conditions": {
        "evidence.open_ports": "RDP"
      },
      "action_if_fail": {
        "type": "require_rfi_or_surcharge",
        "surcharge_pct": 30
      }
    }
  ]
}